country_group,amount_eur
ROW,238604568.85499722
EU,237089367.41051206
South Africa,60688633.56081085
Australia,58351190.74801068
United Kingdom,56737172.82107793
